{"25": {"emotion": {"Fear": 0.0372367697, "Sad": 0.0962405101, "Bored": 0.0257079162, "Happy": 0.7234969823, "Excited": 0.0807887233, "Angry": 0.0365290985}}, "27": {"emotion": {"Fear": 0.0798946723, "Sad": 0.1317377392, "Bored": 0.2644027277, "Happy": 0.0859210932, "Excited": 0.0361545347, "Angry": 0.4018892329}}, "4": {"emotion": {"Fear": 0.2249417404, "Sad": 0.0240087429, "Bored": 0.0713412571, "Happy": 0.3377907271, "Excited": 0.2449036085, "Angry": 0.0970139239}}, "2": {"emotion": {"Fear": 0.1796936941, "Sad": 0.1109822314, "Bored": 0.0632111711, "Happy": 0.2953784782, "Excited": 0.248130074, "Angry": 0.1026043512}}, "8": {"emotion": {"Fear": 0.094324494, "Sad": 0.0989678734, "Bored": 0.0638826799, "Happy": 0.3954503056, "Excited": 0.2600316665, "Angry": 0.0873429806}}, "3": {"emotion": {"Fear": 0.0869791842, "Sad": 0.0461040723, "Bored": 0.0341611531, "Happy": 0.5566081144, "Excited": 0.2008136323, "Angry": 0.0753338437}}, "13": {"emotion": {"Fear": 0.1295964637, "Sad": 0.3383809179, "Bored": 0.0823285364, "Happy": 0.2212975102, "Excited": 0.1028911896, "Angry": 0.1255053822}}, "18": {"emotion": {"Fear": 0.0848965007, "Sad": 0.0269893985, "Bored": 0.0121108913, "Happy": 0.6190562653, "Excited": 0.1938460299, "Angry": 0.0631009143}}, "1": {"emotion": {"Fear": 0.0705688588, "Sad": 0.1883413706, "Bored": 0.0612841327, "Happy": 0.5447842511, "Excited": 0.0798956475, "Angry": 0.0551257393}}, "11": {"emotion": {"Fear": 0.0776171981, "Sad": 0.0614094719, "Bored": 0.0225987827, "Happy": 0.7142831701, "Excited": 0.0669552337, "Angry": 0.0571361435}}, "22": {"emotion": {"Fear": 0.0821833651, "Sad": 0.0621128981, "Bored": 0.0392827788, "Happy": 0.4947392123, "Excited": 0.2844543994, "Angry": 0.0372273462}}, "9": {"emotion": {"Fear": 0.1097085012, "Sad": 0.0511233815, "Bored": 0.0882358937, "Happy": 0.5313651917, "Excited": 0.1337603054, "Angry": 0.0858067265}}, "6": {"emotion": {"Fear": 0.0174798712, "Sad": 0.0531457751, "Bored": 0.0108736145, "Happy": 0.7815246313, "Excited": 0.1290425193, "Angry": 0.0079335887}}, "7": {"emotion": {"Fear": 0.1240571681, "Sad": 0.3833923761, "Bored": 0.1547988419, "Happy": 0.1910436266, "Excited": 0.0498886864, "Angry": 0.096819301}}, "12": {"emotion": {"Fear": 0.0478972783, "Sad": 0.1245956099, "Bored": 0.010579182, "Happy": 0.6970566041, "Excited": 0.0969908255, "Angry": 0.0228805003}}, "16": {"emotion": {"Fear": 0.0760396472, "Sad": 0.1316707288, "Bored": 0.0442261736, "Happy": 0.4847080574, "Excited": 0.1181455431, "Angry": 0.1452098499}}, "5": {"emotion": {"Fear": 0.0868526213, "Sad": 0.0430100644, "Bored": 0.0094151053, "Happy": 0.7617306355, "Excited": 0.0746943121, "Angry": 0.0242972614}}, "10": {"emotion": {"Fear": 0.0217746523, "Sad": 0.1016148038, "Bored": 0.0339465799, "Happy": 0.746118919, "Excited": 0.079254746, "Angry": 0.017290299}}, "28": {"emotion": {"Fear": 0.068612785, "Sad": 0.2556994814, "Bored": 0.0961288341, "Happy": 0.4149369588, "Excited": 0.0387750029, "Angry": 0.1258469378}}, "26": {"emotion": {"Fear": 0.059360319, "Sad": 0.0324878423, "Bored": 0.0301395278, "Happy": 0.6081361933, "Excited": 0.2343130182, "Angry": 0.0355630995}}, "17": {"emotion": {"Fear": 0.1086051868, "Sad": 0.0538455084, "Bored": 0.0418742209, "Happy": 0.3720232146, "Excited": 0.2718834406, "Angry": 0.1517684287}}, "23": {"emotion": {"Fear": 0.0416189913, "Sad": 0.0273557188, "Bored": 0.0610650653, "Happy": 0.6962983525, "Excited": 0.0952551855, "Angry": 0.0784066866}}, "0": {"emotion": {"Fear": 0.0483794903, "Sad": 0.0194751327, "Bored": 0.0165132753, "Happy": 0.7285454915, "Excited": 0.1585967628, "Angry": 0.0284898474}}, "21": {"emotion": {"Fear": 0.1653047768, "Sad": 0.1030779186, "Bored": 0.0, "Happy": 0.3456836907, "Excited": 0.2116987043, "Angry": 0.1742349097}}, "15": {"emotion": {"Fear": 0.1257877415, "Sad": 0.3883918044, "Bored": 0.0768044029, "Happy": 0.2918763976, "Excited": 0.0546358101, "Angry": 0.0625038437}}, "20": {"emotion": {"Fear": 0.1847869316, "Sad": 0.1099976593, "Bored": 0.0, "Happy": 0.3309476131, "Excited": 0.1702905059, "Angry": 0.2039772901}}, "19": {"emotion": {"Fear": 0.1653047768, "Sad": 0.1030779186, "Bored": 0.0, "Happy": 0.3456836907, "Excited": 0.2116987043, "Angry": 0.1742349097}}, "24": {"emotion": {"Fear": 0.0819897951, "Sad": 0.1882921776, "Bored": 0.0659621796, "Happy": 0.4327070745, "Excited": 0.1665472974, "Angry": 0.0645014758}}}